CustomerID,Title,FirstName,LastName,PhoneNumber,Email,Password,DOB
C2250,Ms,Waylin,Bosher,442445611313,wbosher0@barnesandnoble.com,oL8.#GDu)?92If,9/7/1983
C2251,Honorable,Merna,Dessant,445086054814,mdessant1@slate.com,"jW2,Vg2YkD4h<",18/3/1995
C2252,Dr,Alysa,Behling,443014150901,abehling2@fda.gov,"fD0$c*,LW'J",14/1/1970
C2253,Rev,Sandi,Nell,442690253505,snell3@com.com,bM1%dbQ4zcbs`?1o,3/7/1980
C2254,Honorable,Major,Glyn,446773616226,mglyn4@stumbleupon.com,kX0|D/fOAV7LU,5/1/1987
C2255,Mr,Ginevra,Reah,449717685940,greah5@tumblr.com,hU5`%t_q3Zs\6l,2/3/1991
C2256,Rev,Shawn,MacFaell,447998740455,smacfaell6@epa.gov,dL7$l0j'Y\5ftL#,20/4/1981
C2257,Ms,Clare,Mapholm,442704528434,cmapholm7@guardian.co.uk,dG1%$jvN<s~LA,30/3/1971
C2258,Rev,Coriss,Wingatt,440202456904,cwingatt8@goo.gl,xN8@3+j?,28/1/1985
C2259,Dr,Vanya,Choak,446251964752,vchoak9@is.gd,"cX6$jiycdRCh_S""e",11/3/1984
C2260,Honorable,Junina,Espin,449906235346,jespina@youtube.com,sY4<jFl&@2cl.//,13/9/2003
C2261,Mrs,Alexi,Macieja,444804017240,amaciejab@bing.com,wC2(d6(!\KBwmtZ1,6/10/1970
C2262,Dr,Lana,Guwer,446031582538,lguwerc@geocities.jp,oZ2*$*r),20/4/1979
C2263,Dr,Betty,Klehn,447855849158,bklehnd@prweb.com,vU2~bSU5m=hoq32q,28/3/1981
C2264,Mr,Kate,Lithcow,443128734120,klithcowe@odnoklassniki.ru,hI6@oWe{7N8,6/11/1994
C2265,Mrs,Cullie,Leschelle,440512934053,cleschellef@abc.net.au,uK5?x<TG&T0Q,3/5/1975
C2266,Dr,Lacey,Yakhin,440903135830,lyakhing@ucsd.edu,"rT2,i0iW""UW!{z",5/7/1972
C2267,Mr,Fredric,Fergyson,449378990319,ffergysonh@sfgate.com,tI9}S<Xedp,7/7/1985
C2268,Honorable,Royal,Lithgow,440915374629,rlithgowi@timesonline.co.uk,hJ4%)XK0%.!T,8/3/1977
C2269,Rev,Giacinta,Vain,448526823480,gvainj@newsvine.com,sV5*S$nVu,30/1/2005
C2270,Mr,Sandra,Cockell,444149737729,scockellk@gov.uk,hY2{W1U$DpI2S/9T,28/6/1991
C2271,Mrs,Gayleen,Balsillie,447507370632,gbalsilliel@loc.gov,dG5\)W.oDbl,10/1/1991
C2272,Dr,Pascale,Shuttlewood,443028338968,pshuttlewoodm@yahoo.co.jp,oV2!Os54&,7/4/1989
C2273,Mr,Cyrille,Abdy,442859715664,cabdyn@tinypic.com,kC0~NQsKxLm{<!7k,6/4/1970
C2274,Mr,West,Spaven,443065867901,wspaveno@google.co.uk,"jK2*%7I(EqKh""lZ",18/7/1988
C2275,Ms,Ced,Aisman,441827334960,caismanp@qq.com,uD0|)*r>,26/10/1991
C2276,Ms,Griz,Horrigan,441974456220,ghorriganq@deviantart.com,sC7)_m10&,15/8/1980
C2277,Dr,Kayley,Egginton,440700918390,keggintonr@cloudflare.com,xI6`rV=J,4/3/2001
C2278,Ms,Jodie,Moffett,447701861695,jmoffetts@elpais.com,"jQ8""<9IeW&",10/9/1973
C2279,Ms,Hermie,Daubney,449385181257,hdaubneyt@unicef.org,yA9?//)*t,22/1/1989
C2280,Mrs,Frederic,Peggs,442522844961,fpeggsu@si.edu,rU0&lEuX.Jw$v_vj,29/4/1997
C2281,Rev,Mariya,Harsent,449625204655,mharsentv@webmd.com,jR4?}07jz,17/8/2003
C2282,Rev,Meredith,Dorrell,446357493708,mdorrellw@china.com.cn,"aM8/b6=+,",9/4/1976
C2283,Honorable,Tybalt,Cleere,441776989476,tcleerex@springer.com,"sY2,\<|2tkuUQt",12/5/1996
C2284,Mr,Shay,Eyre,446799796844,seyrey@yandex.ru,"zY5""A/~9m5P",11/8/2008
C2285,Mr,Lynette,Michurin,442439138003,lmichurinz@guardian.co.uk,"oO3)g$DnO/c(""",1/7/2004
C2286,Rev,Jefferson,Lampke,445749204870,jlampke10@parallels.com,gT5*vU|z,9/9/2008
C2287,Honorable,Grace,Dellit,449807146352,gdellit11@fotki.com,"iQ1""C<W<Fr0",28/12/1994
C2288,Dr,Clotilda,Newham,441706913451,cnewham12@prnewswire.com,yM7)dC6@YzJ#=L,4/10/1995
C2289,Rev,Datha,Brasseur,446699721144,dbrasseur13@bravesites.com,bQ9=YHf7*\u9=J5%,28/12/1973
C2290,Honorable,Emelen,Daviddi,444723714636,edaviddi14@japanpost.jp,qG4$J|1gRgZz!<,1/9/2002
C2291,Mr,Theo,McCarlich,449368468091,tmccarlich15@squidoo.com,cY5\2zzLPnQ,11/1/2007
C2292,Honorable,Gracia,Massinger,443435478710,gmassinger16@desdev.cn,iO8%hv591k~2,12/11/1973
C2293,Mrs,Nevile,Haxell,448628228613,nhaxell17@hexun.com,"bY7.""k~Nf/",8/12/1975
C2294,Honorable,Garwood,Gilding,447878151043,ggilding18@stanford.edu,mQ4'`%ZMT0Z,30/9/1986
C2295,Rev,Marcellus,Hanley,441227098121,mhanley19@usa.gov,iQ9/Jy?ZX.v%|ag,19/1/1994
C2296,Mr,Milicent,Brislawn,441818947213,mbrislawn1a@list-manage.com,uG2~ljif*Zy|=AR,13/6/1982
C2297,Rev,Zelda,Sandal,445565904609,zsandal1b@usda.gov,eN4%1\dI!oYD<>,27/2/1985
C2298,Mrs,Mozelle,Stable,445942027241,mstable1c@oaic.gov.au,eC9+<07&,8/7/1998
C2299,Mrs,Thornton,Mc Dermid,445330609685,tmcdermid1d@wikimedia.org,oN4{=|~AL'aQlD,6/1/1990
C2300,Mr,Dorothee,Ilem,449099758919,dilem1e@ovh.net,qV4.NpEhRyY,17/4/1993
C2301,Dr,Lizette,Norfolk,449361046377,lnorfolk1f@shutterfly.com,hN7$Suy5Cu,30/6/1976
C2302,Dr,Grace,Suston,442251201048,gsuston1g@chron.com,kZ9+8=5B_,23/3/2006
C2303,Honorable,Katharyn,Joseland,441312255913,kjoseland1h@amazonaws.com,hK2~BK|&uv#4U)dI,29/11/1986
C2304,Rev,Lonnie,Scotts,444810471867,lscotts1i@dailymotion.com,kZ2!~vV{L,24/3/2002
C2305,Dr,Nicolais,Goodger,441144252471,ngoodger1j@altervista.org,mE7><H7GqpD,4/6/1998
C2306,Mrs,Bliss,Urian,444233346258,burian1k@chron.com,wF5~0>a1,15/3/1981
C2307,Mrs,Mavra,Phillip,443870904762,mphillip1l@comcast.net,zS3(RGbMUx4$UOo_,11/11/2004
C2308,Mr,Terrie,Calkin,448032830413,tcalkin1m@jimdo.com,pN0#_K%IG,10/7/1980
C2309,Rev,Gertrud,Kupka,445710187841,gkupka1n@constantcontact.com,sR1+SG~&.`Lthv_,25/7/1983
C2310,Mrs,Weidar,Pullen,443704333146,wpullen1o@cafepress.com,gI8{KY{4}*Aj.X,24/9/2003
C2311,Mr,Otis,Orlton,444337264596,oorlton1p@photobucket.com,sC3$Q_$8,22/5/2002
C2312,Dr,Elinore,Major,442080898906,emajor1q@dailymail.co.uk,aU5!QOh>V),16/9/1983
C2313,Mrs,Fidelity,Curnok,440943176812,fcurnok1r@reuters.com,vD4?#xr?AniIe,30/10/1972
C2314,Rev,Hinda,Thorrington,444812064623,hthorrington1s@globo.com,"cQ1""mG`Yk'%\n",12/5/1983
C2315,Honorable,Lizette,Pratton,446995400886,lpratton1t@tuttocitta.it,fT0@S6FDK>f,22/6/1986
C2316,Ms,Stanfield,Guerriero,449426802761,sguerriero1u@constantcontact.com,zA5}~@U!<0,9/9/1973
C2317,Ms,Cullan,Miguet,447790942946,cmiguet1v@webmd.com,"pH9<hVu,/X",26/4/2000
C2318,Honorable,Stefa,Sancraft,445538982347,ssancraft1w@ucsd.edu,iL0$V_Xmvb3(D,17/11/1993
C2319,Rev,Yank,Kernoghan,443572679011,ykernoghan1x@yahoo.co.jp,qB1'kzLWF},15/5/1989
C2320,Ms,Jazmin,Shrubsall,440731738979,jshrubsall1y@engadget.com,bR0$Hr1w6#anR,13/2/2006
C2321,Mr,Tamqrah,Janny,449058168064,tjanny1z@merriam-webster.com,pL0\3Xp/me'C.,24/1/2000
C2322,Rev,Myrtia,Yexley,440277848619,myexley20@theatlantic.com,xQ2+cCIhn@,12/3/1973
C2323,Ms,Ernie,Gouge,440962004177,egouge21@1und1.de,"jV2<,51KA0EW(ZV",25/8/1994
C2324,Honorable,Nancey,Kording,442322302782,nkording22@arstechnica.com,rH5\MrKxthI,21/10/1988
C2325,Rev,Eadmund,Hellard,444346374832,ehellard23@java.com,cS5}u3kg,18/5/1974
C2326,Dr,Kristan,Yakovich,442571942977,kyakovich24@cpanel.net,zL3#jaL)??wY5c,30/3/2006
C2327,Ms,Bud,MacAiline,449974526417,bmacailine25@multiply.com,vA3?xRNDOSnwv#2,5/1/1980
C2328,Honorable,Burton,Kinneir,449437561800,bkinneir26@oaic.gov.au,oJ7'ae3y&'/Lp,16/5/1978
C2329,Mrs,Stormi,Tomasz,446316833876,stomasz27@mysql.com,bF2*<!RT0/x9U`|,12/3/1993
C2330,Dr,Joby,Villaron,443923011056,jvillaron28@woothemes.com,wP5'$Px'<8Z(,23/11/1991
C2331,Mr,Dannie,Sobieski,443576683042,dsobieski29@hp.com,gE2.%d\|AR,12/1/1991
C2332,Dr,Sheryl,Alessandrini,448884767009,salessandrini2a@hibu.com,"mZ8`q)8d=D,%bW",16/4/1971
C2333,Honorable,Mariellen,Brazelton,442998299224,mbrazelton2b@smh.com.au,"rK2?O""T&Ghsbn",18/11/1977
C2334,Mrs,Fitzgerald,Bruckenthal,449640598032,fbruckenthal2c@theguardian.com,xP6{1p%L7YI1,17/7/1992
C2335,Dr,Claresta,Le Marquand,449779666350,clemarquand2d@vistaprint.com,"cV5_gct%""X%+?.eT",7/9/1996
C2336,Ms,Austine,Hatherall,444181123579,ahatherall2e@cmu.edu,"mJ7/}ZMo,S,&{",12/8/1990
C2337,Ms,Allyn,Ghione,446682949093,aghione2f@toplist.cz,vO7_PGc/9VD|,22/6/2004
C2338,Ms,Crystal,Pinck,448615114449,cpinck2g@etsy.com,tD4&}b%j'xC'u/Pr,9/5/1998
C2339,Mr,Baxy,Planke,445698882821,bplanke2h@psu.edu,gX8%#/m~c,22/12/1976
C2340,Mr,Emlyn,Kornalik,446952924977,ekornalik2i@instagram.com,"gP5*PI2doC6mS,+",24/8/1995
C2341,Dr,Peadar,Mariolle,440928224220,pmariolle2j@sbwire.com,iR4>+X=Be,25/6/1984
C2342,Mr,Tedra,Hares,447321062346,thares2k@cornell.edu,qT3|&X0&l,20/8/2006
C2343,Honorable,Doe,Raine,446228756932,draine2l@shop-pro.jp,sV4(CLgC,25/7/1986
C2344,Ms,Rabi,Torre,444038421413,rtorre2m@sphinn.com,"tG1""?}Sfw50e3'&P",14/6/1972
C2345,Rev,Sabine,Shannahan,441048116608,sshannahan2n@phpbb.com,wM3'TTUB/suO,6/7/1970
C2346,Rev,Korie,Pieters,448975419931,kpieters2o@yale.edu,tH4{g'4*!Bz,23/10/1972
C2347,Ms,Betteann,Godspeede,447600023210,bgodspeede2p@dagondesign.com,pX4/QCOym_,2/11/1984
C2348,Dr,Christoph,Parram,442839007290,cparram2q@ycombinator.com,aC8$?lUV,31/1/1980
C2349,Honorable,Bertie,Colvin,442174894304,bcolvin2r@nasa.gov,yR5#kNI~31,26/9/1989
C2350,Mrs,Dorris,Reiling,440849026691,dreiling2s@surveymonkey.com,oL5)QbK1QZQ,28/7/1976
C2351,Mrs,Shepherd,Emanson,449498314520,semanson2t@facebook.com,xB1$\q*9z,12/5/2006
C2352,Rev,Milena,Pigott,445440200676,mpigott2u@ox.ac.uk,hG4`({MmFet.,4/12/1972
C2353,Mr,Waylan,Antyshev,447590394388,wantyshev2v@ebay.com,fV9|?XE{V.beV,14/9/2002
C2354,Dr,Quentin,Lamport,448194553964,qlamport2w@chronoengine.com,lM2*Ki1gfK+*,26/11/1978
C2355,Honorable,Howey,Corrie,440333310180,hcorrie2x@ox.ac.uk,eL2)(\PO,17/10/1984
C2356,Dr,Archibaldo,Petronis,442805134322,apetronis2y@feedburner.com,bN9+y6r3g){ajoat,1/7/1980
C2357,Ms,Irena,Goalley,449391859580,igoalley2z@icq.com,"sO1=gT=3`w""4F6?,",19/3/2002
C2358,Dr,Gerri,Robberecht,448043299953,grobberecht30@go.com,uC0!CjgN.(XD,23/3/1976
C2359,Ms,Juliette,Di Bernardo,442315337376,jdibernardo31@trellian.com,sY5?**l7,30/4/1974
C2360,Dr,Arlana,Alexandrescu,440470830492,aalexandrescu32@senate.gov,rF6{0G%JmhQ5V,12/12/1989
C2361,Ms,Lloyd,Devigne,446277175171,ldevigne33@usgs.gov,"mH3?""I~X2VXq",14/9/1976
C2362,Mr,Wallace,Glennie,449947666976,wglennie34@rediff.com,vC2#g*RoOX`4afG,12/4/1980
C2363,Mrs,Morse,Northleigh,447047018118,mnorthleigh35@constantcontact.com,"fO7)vkYP""m_%MA",19/2/1995
C2364,Rev,Enrico,Whitlow,441636693358,ewhitlow36@e-recht24.de,fD5?8&@&,18/1/1973
C2365,Mr,Cally,Askey,448459376177,caskey37@eventbrite.com,cD4)<MQ*,26/7/1985
C2366,Rev,Ranice,Edgeson,441641378236,redgeson38@discuz.net,fW1\=~{`,30/6/1993
C2367,Mrs,Keelia,Borg-Bartolo,449402302394,kborgbartolo39@stanford.edu,dO1$BtiF,1/6/1974
C2368,Dr,Nessie,Kennifick,446175737911,nkennifick3a@t.co,rH5|w(J#,24/10/1990
C2369,Mrs,Erin,Yurkin,447313582305,eyurkin3b@webs.com,cE2<cn/x&Ui,21/12/2000
C2370,Honorable,Carissa,Yeulet,442245905740,cyeulet3c@sakura.ne.jp,yK3*1#R'@,18/11/1996
C2371,Rev,Phip,Veneur,447389494045,pveneur3d@unicef.org,mO7<$`Rv,6/8/1979
C2372,Rev,Halimeda,Kaygill,444339954697,hkaygill3e@yahoo.co.jp,nQ1%(7PB',22/4/1988
C2373,Ms,Lyda,Birckmann,447302640925,lbirckmann3f@howstuffworks.com,"pX0/OED""z",28/8/1988
C2374,Honorable,Vanya,Hukin,442776990610,vhukin3g@indiatimes.com,uP6$*sFw~ESmU},14/3/1976
C2375,Rev,Ursula,Carnihan,440117163782,ucarnihan3h@constantcontact.com,bO9.wP$i,21/8/1985
C2376,Honorable,Korrie,Pirrone,448248892446,kpirrone3i@google.com.au,pY5$l`nA>Kjac'!,28/4/1983
C2377,Honorable,Alla,Osman,441883235637,aosman3j@mozilla.org,"hZ9/)`#E""",28/11/1994
C2378,Dr,Ingram,McCullagh,445124705754,imccullagh3k@army.mil,mO4_1L%mH*'>,15/11/2004
C2379,Honorable,Kennan,Lingner,444093956178,klingner3l@usa.gov,xI5*(HU)TJspx#?p,11/12/1993
C2380,Dr,Dar,Bessent,446396742291,dbessent3m@intel.com,"lQ4<{""4{",8/10/1993
C2381,Mrs,Ariella,Hegden,442830341725,ahegden3n@macromedia.com,xX6?a`1BLK=J(/,26/10/1976
C2382,Mr,Say,Hardey,444222846040,shardey3o@fema.gov,zP8+S'42MbV,14/2/1987
C2383,Dr,Bobine,Hoolaghan,440319277980,bhoolaghan3p@networksolutions.com,"hT0?Z02$RE?,",15/1/1988
C2384,Rev,Lucia,Litchfield,440764275691,llitchfield3q@noaa.gov,zS5'L}`D?2XlyO,4/1/1986
C2385,Rev,Etta,Druett,448493831695,edruett3r@vk.com,kJ7>7~k=*,1/5/2008
C2386,Mrs,Zelig,Middlebrook,440802300938,zmiddlebrook3s@auda.org.au,pK7@Lh&=u#g4RAVX,1/11/1996
C2387,Dr,Elisabetta,Erswell,449834965047,eerswell3t@webeden.co.uk,kG4`l.OpA,15/11/1973
C2388,Dr,Davidde,Crookston,449788972700,dcrookston3u@ovh.net,fE5|Kz>agEtW,25/1/1987
C2389,Rev,Nickie,Jozefczak,449915203961,njozefczak3v@reference.com,"iR4""sEaRY,K}9g",27/7/2001
C2390,Mr,Lorilee,Dufaire,447608089689,ldufaire3w@blogger.com,jG9/YNC.q*cSnh,5/7/1980
C2391,Dr,Dunstan,Twiddle,441904357606,dtwiddle3x@amazon.de,pL7?pcB/+AAxg`,16/8/1982
C2392,Mr,Grantham,Blundan,441725898863,gblundan3y@printfriendly.com,"iL9\q#@&9z<""yjT",19/8/1995
C2393,Rev,Cher,Rittmeyer,443756714545,crittmeyer3z@friendfeed.com,aL0!wnl=,16/4/1973
C2394,Rev,Stillman,Hayden,444204071378,shayden40@cpanel.net,aN1@Rp?gY_)wq,24/3/2008
C2395,Dr,Chaddy,Cordle,440906452969,ccordle41@a8.net,"aQ5%""Q>@onNTKdU",6/9/2007
C2396,Ms,Lari,Kittley,446533974692,lkittley42@prnewswire.com,gM3~Wotlz,7/2/2001
C2397,Mr,Erinna,Dalgarnowch,445107829076,edalgarnowch43@si.edu,"eP3<L,a?",5/5/1997
C2398,Dr,Shalne,Woodroof,446717982936,swoodroof44@free.fr,xJ2@qZV'@%dcR|,16/9/2004
C2399,Ms,Essa,Jansky,441756893665,ejansky45@skype.com,xR1\bdIf2,13/8/1984
C2400,Mrs,Lew,Bicker,443120133296,lbicker46@pen.io,"zO7$1O)`_,C/T7",13/9/1992
C2401,Ms,Odilia,Bamforth,440360046859,obamforth47@moonfruit.com,dI3$=2$#78QN,27/11/1977
C2402,Rev,Borg,MacCrachen,447834015402,bmaccrachen48@census.gov,kC7}(<~5gfyNze,7/12/1982
C2403,Mr,Talyah,Pesic,447500266901,tpesic49@quantcast.com,wP6'_sq=*$j\D+7?,20/7/1983
C2404,Ms,Kipp,Bruggeman,449747298168,kbruggeman4a@surveymonkey.com,"uU9@5E7hK""8)_e",21/3/1980
C2405,Mr,Bliss,Rudgerd,442421703179,brudgerd4b@altervista.org,"eE4/lNY$ewB""G",26/3/2006
C2406,Rev,Vassily,Nockells,445945784847,vnockells4c@nymag.com,cI4#pt66jmc3m,31/1/1970
C2407,Mr,Flo,Farron,443653733935,ffarron4d@ihg.com,pF6_w((0d/,4/5/1991
C2408,Honorable,Esteban,Arnhold,449769473244,earnhold4e@noaa.gov,nN3{cmKVI|XE1,12/2/1971
C2409,Honorable,Jarrad,Kett,448486143248,jkett4f@whitehouse.gov,bM5.(+~gE,20/9/1976
C2410,Rev,Rachelle,Keogh,449145956496,rkeogh4g@phoca.cz,bE2._J8>,31/7/1977
C2411,Honorable,Willey,Furness,449502875837,wfurness4h@pen.io,eB8.j+u'VJ7B_,18/3/2001
C2412,Dr,Claudette,Woodes,448545730770,cwoodes4i@weibo.com,kA9?X|mS|2?}Q,17/3/2000
C2413,Honorable,Daniella,Lyffe,445949429589,dlyffe4j@addthis.com,"eR2,1c90",10/1/1971
C2414,Ms,Denis,Wormald,444605884888,dwormald4k@squarespace.com,cI6@S~$=JuYf)!)0,19/4/2006
C2415,Rev,Sayer,Belward,443123866425,sbelward4l@rakuten.co.jp,nF3@~%DWm,5/3/1992
C2416,Mr,Issiah,Proppers,443278003124,iproppers4m@yellowpages.com,vY7}V5oGD\VH3DV,8/5/1988
C2417,Dr,Hubie,Jahnisch,442912407198,hjahnisch4n@nyu.edu,bL0##M}8T+Md_btM,2/7/1989
C2418,Dr,Dolores,Moran,449449738787,dmoran4o@ucoz.ru,bK7.ie164GL|zvm,6/8/1977
C2419,Mr,Cull,Woodworth,440028570464,cwoodworth4p@hostgator.com,"sO5""AYQ%",22/11/1973
C2420,Ms,Johnathon,Tomasutti,442480645717,jtomasutti4q@go.com,"xJ7~K\ia<U""",14/8/1985
C2421,Dr,Rodie,Christin,444329391181,rchristin4r@theglobeandmail.com,"tF8/Y6nL7<u,=E5",17/11/2006
C2422,Honorable,Wendy,Bullers,444407460206,wbullers4s@people.com.cn,"gY1""'=cb.n8r#t>",20/10/1974
C2423,Honorable,Barbabas,Howler,442470382208,bhowler4t@va.gov,vA7@&l?~YGXf,26/6/2007
C2424,Mr,Yehudit,Wharlton,447239826509,ywharlton4u@yellowpages.com,sR7\KnjZCvGH%n'S,9/11/1981
C2425,Honorable,Vanni,Mordecai,443622973359,vmordecai4v@seattletimes.com,wF0(.rHdl,6/6/1973
C2426,Ms,Homere,Swalwell,440157336389,hswalwell4w@wordpress.com,dJ1.6AqRnHK>,23/11/1987
C2427,Ms,Diane-marie,Fleischmann,440761228401,dfleischmann4x@tripadvisor.com,xQ8&RJZa!3r0,18/9/1993
C2428,Honorable,Helen,Di Bernardo,448216190012,hdibernardo4y@webmd.com,bS9{K%t?uu,20/2/1983
C2429,Dr,Averill,Jurges,448911871358,ajurges4z@nhs.uk,pQ0~!.plD(fyY,30/6/1974
C2430,Ms,Georgeanne,Harnott,440347989553,gharnott50@instagram.com,"iP6<U{EF,@h9N",22/2/1981
C2431,Honorable,Sheff,Franken,444689447268,sfranken51@seesaa.net,yV3.D'f!?C{DxM{W,5/4/1990
C2432,Rev,Albertina,Pallent,443188636273,apallent52@hud.gov,rS3~`SN57eZ,10/11/1976
C2433,Rev,Morgan,Tripcony,442051836533,mtripcony53@creativecommons.org,aO7#`PDnTVtAg5nr,5/5/1994
C2434,Dr,Erina,Crafts,444820511770,ecrafts54@nifty.com,kW1=w.DA4{(,16/5/1978
C2435,Mr,Renaud,Tatem,444989902525,rtatem55@tinypic.com,qJ6&_.A~5G>02,26/11/1999
C2436,Dr,Shani,Noke,446144545194,snoke56@bravesites.com,xC4_|{!o21SmY>xm,24/1/1988
C2437,Mrs,Marie-ann,Barmadier,445547431654,mbarmadier57@studiopress.com,tX4_\a'P,5/2/1972
C2438,Mrs,Jori,Pennycord,441810717350,jpennycord58@vk.com,pM1!Qi.b0,21/1/1985
C2439,Ms,Patricia,Banisch,443200735956,pbanisch59@sciencedirect.com,sQ9&A\DX8,2/12/1970
C2440,Rev,Kingston,McCaskill,445072964082,kmccaskill5a@liveinternet.ru,bM0_u3)W?b|,30/1/1986
C2441,Mrs,Mabel,Fairburne,448033344302,mfairburne5b@economist.com,gY8?!irUUl,25/4/1980
C2442,Mrs,Carmine,Ratcliff,444527864742,cratcliff5c@jigsy.com,kZ9}#o~{<O}M?d,7/4/2006
C2443,Honorable,Mildrid,Crowne,449033687910,mcrowne5d@admin.ch,kW1_&gz=wy~sFv,24/3/1977
C2444,Mrs,Tommi,Cuddihy,442625892869,tcuddihy5e@vistaprint.com,"kW7|""f@!C@kM",2/11/1981
C2445,Dr,Reese,Rablin,441620861598,rrablin5f@issuu.com,"hF3'a9w\1,tadB",22/11/1976
C2446,Honorable,Wallace,Manicom,440359354851,wmanicom5g@pen.io,jN9`RWZQ,16/3/1996
C2447,Mrs,Jazmin,Crowcombe,440652802960,jcrowcombe5h@nationalgeographic.com,wQ5>0#@!>%i=4,16/2/1987
C2448,Mrs,Nicolea,Guiel,447187657397,nguiel5i@weather.com,iF2!qy8.?b,16/7/1996
C2449,Dr,Roxine,Defew,442561476113,rdefew5j@whitehouse.gov,pH5&\DjV4Is!=5',28/6/2000