CustomerID,Title,FirstName,LastName,PhoneNumber,Email,Password,DOB
C1750,Ms,Twyla,Wroth,+440384790371,twroth0@nih.gov,dE1%J/33<x4>pU,1973-11-09
C1751,Ms,Ardella,Bushby,+446670185093,abushby1@ycombinator.com,yL4\fwLv|<|,1988-10-02
C1752,Mrs,Jourdan,Gever,+444737177236,jgever2@wiley.com,"xE0+k,DcbF",1986-08-11
C1753,Rev,Cosetta,Maultby,+440537317881,cmaultby3@bloglines.com,tS4{`mya#r/cX,1979-01-12
C1754,Rev,Claudio,McKune,+446358521457,cmckune4@wix.com,iI7\/X4)3b1,1977-05-07
C1755,Dr,Darcy,Lancetter,+441107061390,dlancetter5@sbwire.com,aI5@_&hKQoBJ1iD,2005-11-01
C1756,Dr,Sloane,Larder,+440385673326,slarder6@gov.uk,"lB2%iU9g7,r9of",2007-12-28
C1757,Rev,Charleen,Blazewski,+444642152423,cblazewski7@chron.com,oF7#weR0,1992-02-21
C1758,Dr,Barbie,Meric,+446203713535,bmeric8@paginegialle.it,"cQ2""kDp{N?eb",1981-07-13
C1759,Dr,Lorine,Setchell,+444490670419,lsetchell9@vk.com,rZ4%j+B6U?W,1971-11-07
C1760,Rev,Kory,Wims,+447069596034,kwimsa@blogger.com,wI8_f2Pn,1979-10-21
C1761,Rev,Stacia,Fazan,+442816040173,sfazanb@ifeng.com,zX8~QJu/,1975-10-12
C1762,Rev,Andriana,Andrus,+444847783197,aandrusc@comcast.net,pL0!w>V7,1979-03-15
C1763,Mrs,Lotte,Benediktovich,+448770567086,lbenediktovichd@cdbaby.com,hH6%qP'{,1982-03-19
C1764,Rev,Simonette,Kender,+440287356361,skendere@miibeian.gov.cn,iM7<PLEefCI0j,1983-02-11
C1765,Ms,Sonnie,Wilder,+446659391628,swilderf@e-recht24.de,zR5&gxz%`=HWOA,1977-03-17
C1766,Mrs,Alice,Buckham,+448047707644,abuckhamg@bandcamp.com,lM6&T(3L.i,2005-06-14
C1767,Mrs,Base,Schelle,+449201639599,bschelleh@wired.com,tL6\f6ep,2006-01-31
C1768,Dr,Moore,Alldred,+445714285079,malldredi@sun.com,"fH9,f5h*36C6m",1998-11-06
C1769,Mr,Allison,Darrel,+440186070145,adarrelj@si.edu,lJ2+>Z<QQ'pxK<~,1992-04-03
C1770,Mrs,Yvonne,Russon,+444945474035,yrussonk@digg.com,xU2=!Rm.<)o%l<,2008-03-16
C1771,Ms,Dolph,Revens,+445011484274,drevensl@wikipedia.org,dF5{e_T3o*IslDpJ,1978-06-14
C1772,Ms,Stirling,Alexandersson,+443885773405,salexanderssonm@adobe.com,eM0|&)2eOa|6,1985-06-08
C1773,Dr,Pier,Odger,+449827491395,podgern@twitpic.com,dP1_aNPUaAD8,1994-02-13
C1774,Rev,Nora,Glanvill,+448239679223,nglanvillo@canalblog.com,kO6*5EYhy2kg,1982-02-20
C1775,Ms,Garth,Bees,+448224630878,gbeesp@howstuffworks.com,aN1?j6|wZM2Ue/?+,1998-03-24
C1776,Dr,Caresse,Stebbins,+441154410058,cstebbinsq@parallels.com,vS3.7?%Utf?<`%u=,1989-11-03
C1777,Honorable,Georgiana,Bazely,+440612191858,gbazelyr@amazon.co.jp,yW2*X#~E}j5R7C'n,1990-01-24
C1778,Dr,Valera,Sutherel,+446962477806,vsutherels@pbs.org,lM3)Gl44qNs,1996-07-28
C1779,Mr,Dominique,Domengue,+440094321448,ddomenguet@adobe.com,mQ9{vnx(E/p6\yNZ,1970-03-12
C1780,Mrs,Brander,Keaysell,+444054799644,bkeaysellu@senate.gov,"nN3)mC6'A#,il",1985-12-17
C1781,Ms,Delcine,Hacksby,+447364393602,dhacksbyv@spiegel.de,pK0<j~'Bm/?4Z/z,1987-08-07
C1782,Mrs,Casar,Hitschke,+444351716131,chitschkew@miibeian.gov.cn,jO2(qSJ{YMx,1982-02-18
C1783,Dr,Frankie,Agnew,+445675264211,fagnewx@vkontakte.ru,cZ7|(w{F,1983-08-17
C1784,Mrs,Mariette,Haensel,+440825562065,mhaensely@fda.gov,"cR1*x,RlvV'4HI_",1981-12-16
C1785,Mr,Amery,Ahmed,+447012652299,aahmedz@purevolume.com,tM4|pm\`aZ9Z&KU,1973-01-15
C1786,Dr,Edyth,Beernt,+448534218636,ebeernt10@va.gov,"qQ9`}|}AC""W",1992-10-22
C1787,Ms,Clemmy,Mockett,+442693825859,cmockett11@berkeley.edu,xB8(WLpK,2008-05-24
C1788,Honorable,Isabella,Tift,+446300071824,itift12@hatena.ne.jp,vQ9)SCv6Ww9`,1992-06-15
C1789,Honorable,Marie,McAne,+442943435811,mmcane13@instagram.com,"zK1>""nq>8",2006-05-17
C1790,Mrs,Jonathon,Farenden,+448770196165,jfarenden14@creativecommons.org,fD4_)o&%D(EDkiks,1973-09-25
C1791,Mr,Rog,Bezarra,+442382212116,rbezarra15@wufoo.com,zV2?`)s#`J,1995-09-29
C1792,Honorable,Belinda,Lafond,+444760164770,blafond16@seesaa.net,uR5'J6?O!XR,1988-09-11
C1793,Mr,Myrtie,Dwelly,+448904973848,mdwelly17@adobe.com,vP4*e~R+Hp~mhR8v,2002-07-26
C1794,Rev,Carlie,Curwood,+449183032001,ccurwood18@opera.com,xO9|F<_ckAWje,1981-09-13
C1795,Honorable,Garrard,Melpuss,+448322039605,gmelpuss19@netscape.com,kY6.@lHYZ8d1!A7},1971-01-06
C1796,Mr,Andie,Sekulla,+446657701434,asekulla1a@mashable.com,"pO0}m3""w",1992-12-03
C1797,Dr,Austina,Kernermann,+449127871073,akernermann1b@princeton.edu,bW3$$%'Wr`Yx,2001-01-14
C1798,Honorable,Engelbert,Cainey,+444837033530,ecainey1c@last.fm,hX7'6v~efGtP.pM6,2004-06-09
C1799,Honorable,Iorgo,Fewings,+444341749830,ifewings1d@go.com,zV9'k9Q.O,1988-05-31
C1800,Rev,Tamma,Barus,+449239629473,tbarus1e@qq.com,"oC6{vGa""*pg",1996-09-17
C1801,Ms,Brewer,Burchmore,+442814361238,bburchmore1f@miibeian.gov.cn,hJ3@l/e~,2002-03-12
C1802,Mrs,Jerome,Utterson,+440350906931,jutterson1g@ebay.co.uk,xP1$L5_Q,1978-02-05
C1803,Mrs,Engelbert,Polhill,+444504824006,epolhill1h@mozilla.com,"zW6.N4cNW,bY?>",1977-05-14
C1804,Rev,Shep,Regenhardt,+441699883194,sregenhardt1i@netlog.com,jB7#n&`nHUW,1997-09-18
C1805,Rev,Emmie,Tooby,+443937144551,etooby1j@cam.ac.uk,"kN0,vL`l5Ao",1972-10-10
C1806,Mrs,Reggis,Millins,+441319718631,rmillins1k@goo.gl,lS4?kB`y6QzT,1996-03-22
C1807,Mr,Viki,Purselow,+448646867386,vpurselow1l@examiner.com,tQ9/!KYB{9QF,1982-03-29
C1808,Dr,Ginevra,Iorizzo,+447564830544,giorizzo1m@fotki.com,uY6(SNE%l%,1978-06-30
C1809,Mr,Evered,Heller,+446331922198,eheller1n@purevolume.com,xJ3(?xI}wsiD)ci4,1986-06-14
C1810,Dr,Guendolen,Pretsell,+442217881451,gpretsell1o@tripadvisor.com,"iT7,6K<WbD.y1wh",1984-11-07
C1811,Dr,Langston,Evenett,+442045823158,levenett1p@tinyurl.com,vK9|R`wP,1988-12-06
C1812,Dr,Gina,Haibel,+448837399724,ghaibel1q@rediff.com,tO5~cZdL3crAD,1997-01-11
C1813,Rev,Randie,Daw,+449138173623,rdaw1r@sina.com.cn,bV8(.%|gnof90,1981-10-22
C1814,Rev,Gerardo,Dict,+447414966172,gdict1s@umn.edu,vA9#`J#H5`culz,1989-02-05
C1815,Honorable,Nahum,Buckleigh,+447841607648,nbuckleigh1t@hostgator.com,zE0%0OVTVn$DZl}V,1971-12-27
C1816,Mr,Malchy,Grishechkin,+442874863566,mgrishechkin1u@barnesandnoble.com,fL5~RgUS~~+,1985-04-23
C1817,Mrs,Zilvia,O'Brogan,+449095773894,zobrogan1v@about.com,mQ2'n?Q_15kC,1980-11-18
C1818,Honorable,Dougy,Sitwell,+445689884731,dsitwell1w@wikispaces.com,aN6}dxHz\$`,2002-04-05
C1819,Honorable,Janeta,Learoyde,+445775522387,jlearoyde1x@so-net.ne.jp,hQ8<T+e)X`(A`7,1981-06-13
C1820,Rev,Luther,Rolling,+445589018118,lrolling1y@blogger.com,"mZ8,_=0T3""*RZ",1998-01-09
C1821,Ms,Kayla,Applewhite,+440465479618,kapplewhite1z@imdb.com,yX2)CO4g7JHVd*A/,1980-02-09
C1822,Rev,Reynold,Loeber,+443408445455,rloeber20@go.com,xX5`}~=wK6+,2004-01-04
C1823,Mr,Chloette,Sneddon,+443123015419,csneddon21@kickstarter.com,lC2\9cLIY7$a!k<,2004-05-02
C1824,Ms,Kingsley,Lindemann,+441129034534,klindemann22@rediff.com,uF0#4mH?#|WZQ|.,1975-04-08
C1825,Mrs,Riordan,Jolliman,+449483427448,rjolliman23@lulu.com,pJ7>cp@eI5,1998-01-24
C1826,Mr,Alexandra,Furzey,+447431878089,afurzey24@domainmarket.com,cP0$akvPMT%1@K,1984-05-06
C1827,Rev,Joni,Fergusson,+441143605427,jfergusson25@google.cn,"mL4&|Ja!,",1974-04-04
C1828,Rev,Sinclair,Racine,+445318169593,sracine26@diigo.com,jL6{0mG@'w2P,1990-04-24
C1829,Ms,Ruggiero,Aspinell,+446850720765,raspinell27@toplist.cz,eC3&qiRCY,1974-10-21
C1830,Honorable,Pierette,Gazey,+441937298489,pgazey28@studiopress.com,cS0+O#Z%|F9QfQ,1988-06-15
C1831,Honorable,Trula,Khristyukhin,+448699522217,tkhristyukhin29@admin.ch,eX9(dx**'&w,1982-05-16
C1832,Dr,Donovan,Ozintsev,+441579900019,dozintsev2a@cbsnews.com,wN5)F~%\x}?P3ML9,1970-02-11
C1833,Honorable,Nadine,Hathwood,+444395102077,nhathwood2b@arizona.edu,vX4}q~|TVc)P0/W,1985-09-21
C1834,Rev,Brendan,Danaher,+446531494046,bdanaher2c@about.me,"bH8|A,Y'KEU<_",1973-10-21
C1835,Honorable,Kingsly,Djurisic,+443744552907,kdjurisic2d@ox.ac.uk,dW9}3uy0O,1975-09-02
C1836,Ms,Shelby,Dallewater,+443511760532,sdallewater2e@fc2.com,sG0)*N`G9,1983-07-30
C1837,Dr,Peri,De la Feld,+446644947987,pdelafeld2f@arizona.edu,tY6=&BNpGYR,1992-10-03
C1838,Mr,Byrann,Alabaster,+442206138114,balabaster2g@scientificamerican.com,nG7/(mE$%IMG,1995-07-04
C1839,Rev,Mack,Western,+440970894952,mwestern2h@mashable.com,gL4{#F0/xMHpL,1998-07-31
C1840,Mr,Benjamen,Huster,+440297271317,bhuster2i@gmpg.org,cR1|eP%p_%>,2000-06-08
C1841,Mr,Emerson,Sidebotham,+447772373115,esidebotham2j@omniture.com,rG8&?Tnq6n,1985-10-10
C1842,Mrs,Llewellyn,Tudball,+445616847510,ltudball2k@ameblo.jp,aF2$aoi?6Zpa,1976-10-15
C1843,Dr,Franzen,Avraham,+449665344220,favraham2l@ifeng.com,hG4~v=QIqb.,1994-10-22
C1844,Mr,Simmonds,Dellow,+444246211077,sdellow2m@state.tx.us,kA1\2cZl~h,1974-03-15
C1845,Honorable,Iolande,Meach,+449989305994,imeach2n@infoseek.co.jp,"mL1,vlYh$%v.ixR",1995-09-11
C1846,Ms,Salomon,Duprey,+449403229364,sduprey2o@mail.ru,xN7%i=2Z5ePY*,1972-04-06
C1847,Ms,Roscoe,Oldershaw,+449461167599,roldershaw2p@forbes.com,"aY5""7v&<nYrBW",1975-12-12
C1848,Rev,Deeann,Gregoire,+448248684034,dgregoire2q@pbs.org,cY5`rh$7@,1992-05-04
C1849,Honorable,Robbyn,Hurn,+441855590699,rhurn2r@miitbeian.gov.cn,zU4+%U6l@,1994-04-22
C1850,Rev,Sherwin,Bannerman,+444857264069,sbannerman2s@guardian.co.uk,kF6\yu1.o0,1983-01-20
C1851,Rev,Nonna,Hinken,+443567771399,nhinken2t@psu.edu,lU6{kjS_,1974-09-18
C1852,Honorable,Alexis,Domenico,+446356470506,adomenico2u@geocities.jp,fD9&AeNLyI,1986-02-13
C1853,Ms,Jeane,Hynes,+446580018044,jhynes2v@nationalgeographic.com,eH2<(f$YurHOz!,2001-01-31
C1854,Ms,Galen,Payler,+449562565360,gpayler2w@miitbeian.gov.cn,eU2!R2HYb(Q>aOC,1970-10-05
C1855,Rev,Rosabella,Aleksankin,+449078876039,raleksankin2x@amazon.com,qG2&(prJLrLoF,1985-07-26
C1856,Rev,Norbert,Gawthrope,+444019378123,ngawthrope2y@ucoz.com,kN0'eT(V}Q66UJX4,1970-05-24
C1857,Rev,Beulah,Jewkes,+446711975087,bjewkes2z@samsung.com,gX1#zP/W,1997-07-06
C1858,Dr,Agnes,Vanne,+441706185024,avanne30@deviantart.com,"xH1~/hO/""#k",2004-06-24
C1859,Mrs,Glynnis,Jobes,+447202580601,gjobes31@washington.edu,aI4)dKuP/%6!dw,2004-02-04
C1860,Honorable,Valma,Walbrun,+446043639106,vwalbrun32@guardian.co.uk,jY5@$H{Blu.c,2003-01-26
C1861,Mrs,Therine,Enterlein,+444405697327,tenterlein33@google.cn,yV1}r*=r,2004-03-11
C1862,Ms,Selby,Wisdish,+447717028742,swisdish34@feedburner.com,jK2+D=Rt_ipauj,1989-05-10
C1863,Mr,Miriam,Bowater,+449109640838,mbowater35@wikipedia.org,"oQ6,qmj/j),G0",1994-12-05
C1864,Mrs,Tull,Blampy,+449555611654,tblampy36@princeton.edu,qQ3\EdS@EV}g9,1993-03-22
C1865,Honorable,Ryon,Ridder,+441055390100,rridder37@google.de,mE6}7koZ4',2002-03-28
C1866,Rev,Silvana,Cherrison,+443877290780,scherrison38@oracle.com,zG1(}JOkya,2002-03-16
C1867,Mrs,Booth,MacAughtrie,+447842634690,bmacaughtrie39@homestead.com,iS3?zO{.,2005-06-20
C1868,Honorable,Petronille,Gynne,+445035058730,pgynne3a@ow.ly,lX5?X&)|2,1976-09-14
C1869,Ms,Garrard,Smallshaw,+447952774578,gsmallshaw3b@cloudflare.com,rH1/fiGK}S8qm,2005-06-26
C1870,Dr,Marion,Goldwater,+441679053843,mgoldwater3c@networksolutions.com,xH0``@).%3{\Do,2005-06-28
C1871,Honorable,Sherrie,Crilly,+448746017486,scrilly3d@google.it,rC7\/fwn|KR_y3f,2007-04-22
C1872,Ms,Julita,Jackman,+445818425914,jjackman3e@miibeian.gov.cn,"tS5*ab,Y'~4r",1990-03-26
C1873,Mrs,Nerissa,Ferraretto,+443535219046,nferraretto3f@yandex.ru,fP4{?+~P,2008-09-29
C1874,Mr,Tamara,Maymand,+445880310187,tmaymand3g@histats.com,rH1*XbXw5hpB.b,1999-06-12
C1875,Honorable,Perceval,Rabbage,+442617714514,prabbage3h@artisteer.com,gK6$s?iz!Wh6,1998-06-28
C1876,Honorable,Jeddy,Porcas,+448806593212,jporcas3i@wired.com,"kY9&i""Tmp'$j_Y",1999-05-16
C1877,Mrs,Nesta,Slemming,+445758594030,nslemming3j@vistaprint.com,dJ7/}e*4,1977-04-10
C1878,Mrs,Iggie,Crosston,+447677676717,icrosston3k@blog.com,mE6_tv3GkWo,1980-08-13
C1879,Honorable,Kenon,Priest,+443759261439,kpriest3l@tuttocitta.it,aH3'B}S(RH,2007-09-09
C1880,Mr,Kippie,Thorby,+441254770885,kthorby3m@kickstarter.com,bE3~y2K=lh%K<O%,1970-07-03
C1881,Rev,Merrick,Demeza,+443682589791,mdemeza3n@merriam-webster.com,zC6/i_I!,1982-10-02
C1882,Rev,Jarid,Legrand,+445171643295,jlegrand3o@wufoo.com,sW2'wSe0,1992-02-14
C1883,Mrs,Abbot,Conkay,+449049422541,aconkay3p@geocities.com,fP7=vo8c,1970-08-09
C1884,Mrs,Inga,Garoghan,+442763513127,igaroghan3q@cocolog-nifty.com,wE7|E.a'DzN(a9,2002-05-07
C1885,Dr,Emma,Callaway,+446415208624,ecallaway3r@msu.edu,lU6#lHwBmV4>7`@,1975-04-15
C1886,Rev,Rikki,Curedale,+442351999268,rcuredale3s@netvibes.com,vW4@gz/7D$gB,1972-11-06
C1887,Mrs,Kippy,Tidswell,+448644308647,ktidswell3t@globo.com,"dY9),NlR8vZ",2001-05-18
C1888,Ms,Otto,Bassill,+443409193501,obassill3u@icq.com,nC2\iZ`(,1977-03-29
C1889,Honorable,Linn,Bonhome,+449426219100,lbonhome3v@free.fr,lZ4*A1UC<i)&%t6,1975-08-23
C1890,Ms,Nancie,Mazella,+440862435482,nmazella3w@japanpost.jp,"dO8""4|M)",1995-01-07
C1891,Ms,Ashil,Goodison,+442997552998,agoodison3x@ameblo.jp,vD2*6=0rYIx`,1971-09-09
C1892,Mr,Elaina,Deakan,+449358810606,edeakan3y@prweb.com,nE5&237(Y2p#V1l9,2000-07-17
C1893,Ms,Constantina,Cathenod,+440014395598,ccathenod3z@t-online.de,xK6\v|A(R/w,2000-07-11
C1894,Dr,Humfried,Older,+443822375977,holder40@sakura.ne.jp,vY5_~_?#Z9s),1995-09-09
C1895,Mr,Domenic,Wandtke,+443477707790,dwandtke41@zdnet.com,vY5_(P1=',1989-04-28
C1896,Rev,Ephraim,Teresse,+446438874280,eteresse42@dmoz.org,"mX9${>.l""|",1981-11-24
C1897,Ms,L;urette,Danielsen,+445894371176,ldanielsen43@furl.net,eC0/7lxIL@$lVg,2004-07-28
C1898,Ms,Beverley,Shead,+447087647683,bshead44@spiegel.de,bZ7+r%l`hoX,1989-05-22
C1899,Rev,Francesca,Dowson,+447315443526,fdowson45@sbwire.com,tM2/zuJ</dT,2004-09-19
C1900,Mrs,Fanny,Warmisham,+443494208368,fwarmisham46@usatoday.com,kG1_JdFZI,2004-06-18
C1901,Mr,Preston,Carress,+444860244737,pcarress47@a8.net,lC6?+>v_p,1990-10-20
C1902,Ms,Opalina,Johantges,+441506145955,ojohantges48@blogs.com,jW7!~Dk4xR&,1988-11-30
C1903,Dr,Betti,Kendrew,+441895805706,bkendrew49@sbwire.com,aR5%=V+<<Gv/%,2007-11-14
C1904,Dr,Linn,Ablewhite,+448280105797,lablewhite4a@hao123.com,gM8(P3#U.OC(P|A,1997-09-27
C1905,Dr,Trixie,Tassaker,+440079228306,ttassaker4b@stanford.edu,pF5/nL5n$m,1981-02-08
C1906,Mr,Ripley,Grewes,+445634917152,rgrewes4c@berkeley.edu,"eP6""h&B8)oYFT",1991-02-24
C1907,Honorable,Lise,Antonignetti,+440632822648,lantonignetti4d@walmart.com,gW7~L?~X#QqI,1970-10-19
C1908,Ms,Marja,Izchaki,+447712466550,mizchaki4e@fema.gov,"zJ2,Zc!pU~jIEZ",1987-06-01
C1909,Dr,Meta,O' Concannon,+442523517426,moconcannon4f@1und1.de,uE3%|yE)=ngaw,2001-12-10
C1910,Ms,Ingemar,Dicty,+441374010011,idicty4g@drupal.org,nD4+wBJv>L,1990-03-16
C1911,Mrs,Chris,Meenan,+447183880344,cmeenan4h@nature.com,dU6+7dtc4%+@)\',1994-12-01
C1912,Ms,Corabel,Silliman,+449980732554,csilliman4i@linkedin.com,qM9/9iA6q`HI$'F,1978-10-01
C1913,Dr,Frasco,Wotton,+446170448521,fwotton4j@answers.com,"eA5""_(4.",1979-05-18
C1914,Mrs,Shirleen,Izkovicz,+440564231323,sizkovicz4k@imgur.com,kM1|~jd+,1989-12-01
C1915,Rev,Nicki,Seligson,+445084992758,nseligson4l@senate.gov,fQ2(lg/azM,1974-08-07
C1916,Mr,Carly,Hearns,+443258505873,chearns4m@icq.com,sV2{R\a*<QJz,1971-07-20
C1917,Dr,Verney,Bertie,+442973762226,vbertie4n@livejournal.com,sP4!A<{w00'gI)i,2005-01-29
C1918,Mr,Angelia,Kenryd,+442524825023,akenryd4o@springer.com,bX3~I7ZY',2000-07-04
C1919,Mrs,Peterus,Snazle,+441715954790,psnazle4p@wikispaces.com,lP6{)L&jx8,2001-04-18
C1920,Dr,Cornelia,Blitzer,+442382852854,cblitzer4q@hao123.com,"jA5""@$_Md3Qg",1973-11-16
C1921,Rev,Jacquelyn,Gronaver,+441497760168,jgronaver4r@symantec.com,uY0%w7w4>D#BA,1997-08-19
C1922,Honorable,Parsifal,Burdas,+447128050703,pburdas4s@constantcontact.com,tN3{LaS>G?W#,1999-11-11
C1923,Mr,Henry,Salliere,+447403645725,hsalliere4t@vk.com,"mE2"">x&v5",1993-05-29
C1924,Honorable,Winne,Todman,+444207430239,wtodman4u@google.ru,mF8`rwaO77g0SN,2000-12-11
C1925,Dr,Gun,Prettejohns,+442043246678,gprettejohns4v@arizona.edu,cK6/b6.+P,1995-05-04
C1926,Honorable,Ali,Semon,+447929959400,asemon4w@bigcartel.com,oY0_oUu9dWqn,2005-06-01
C1927,Rev,Idelle,Iacabucci,+440864386742,iiacabucci4x@skyrock.com,vF1*I}/0(,2002-05-24
C1928,Rev,Darrelle,Chue,+443372989733,dchue4y@vistaprint.com,lJ6{u`0)BUv&e,2000-05-08
C1929,Rev,Carissa,Diess,+447732980317,cdiess4z@usa.gov,"uC8>+Q##kQWC"")",1972-05-22
C1930,Rev,David,Merkel,+441433348952,dmerkel50@weather.com,mH8!qv+GnRJm+,1971-09-25
C1931,Honorable,Dallon,Berget,+445299038398,dberget51@zdnet.com,bC7@nwfxz*Hs,1979-01-01
C1932,Mrs,Way,Sidwell,+443194226324,wsidwell52@twitter.com,aU4\0~~0,1971-10-06
C1933,Rev,Octavius,Habin,+449594545970,ohabin53@bbb.org,"zS8{Y5#""*I8",1997-10-13
C1934,Mrs,Eberhard,Ranaghan,+442632728354,eranaghan54@census.gov,"fO6=,I`kW\ei",1972-03-04
C1935,Honorable,Jodee,Wooff,+440653226299,jwooff55@soup.io,pW4$W=t~r,1975-11-02
C1936,Mrs,Giacopo,Crick,+442589140772,gcrick56@tinypic.com,gC8|anDu$%QNN?,1991-03-29
C1937,Ms,Zerk,Eckart,+442966279449,zeckart57@hugedomains.com,qG5+rvu){p6,1977-01-06
C1938,Dr,Emyle,Walles,+442731045824,ewalles58@zimbio.com,zJ2/w3n0pbey`ZPM,1990-01-17
C1939,Ms,Araldo,Mahy,+445141505757,amahy59@businesswire.com,oY0%7_.P,1989-12-17
C1940,Mrs,Bealle,Stovell,+443136826423,bstovell5a@slashdot.org,mT4~DrAiDpt,1973-06-01
C1941,Rev,Kimbra,Merill,+441448018469,kmerill5b@google.com.au,yL9$ZMAZ9HMK,1975-09-09
C1942,Honorable,Galvin,Denney,+440125484052,gdenney5c@is.gd,"nG0""{t7e",2006-01-15
C1943,Rev,Alicia,McCreagh,+444002225884,amccreagh5d@businesswire.com,qR1#X'A|X2n\,2000-04-13
C1944,Honorable,Rustin,Simoni,+443176330741,rsimoni5e@ftc.gov,jI3`Dw7l8aS,1991-12-19
C1945,Honorable,Garrik,Daglish,+447149973442,gdaglish5f@buzzfeed.com,lG1\`$L|Q,1987-01-31
C1946,Dr,Verena,Dunnan,+449387779116,vdunnan5g@ameblo.jp,aB3(Dlr6ca{I,1974-01-14
C1947,Ms,Clerkclaude,Hassard,+445319886100,chassard5h@vimeo.com,"bI2<Kg,RTp_",1988-11-21
C1948,Honorable,Herbie,Rickett,+443935987768,hrickett5i@cisco.com,"lP4@CGQe%,_G",1996-08-07
C1949,Honorable,Jason,Rosenboim,+449716873654,jrosenboim5j@free.fr,eO1>V\3__vBS,1997-04-22
C1950,Dr,Ellyn,MacArte,+444234170366,emacarte5k@networksolutions.com,qC3{>a=v(4jAP,2005-01-25
C1951,Mrs,Tedmund,Sewart,+440893478896,tsewart5l@barnesandnoble.com,eH8&8(JBi,1992-01-14
C1952,Mr,Allan,Barukh,+442901445567,abarukh5m@de.vu,iP9$<}qB`Usc/A0_,1991-11-05
C1953,Honorable,Janina,Emmitt,+447991399386,jemmitt5n@prlog.org,lJ3($vk5,1983-08-24
C1954,Mr,Demetrius,Siddle,+443684357546,dsiddle5o@devhub.com,oP0_zpXCoW>zc,1980-11-11
C1955,Mr,Carlota,Eland,+449721596447,celand5p@stanford.edu,"wH0+./""K",1972-10-27
C1956,Dr,Yul,Arendsen,+441521687746,yarendsen5q@independent.co.uk,"uQ2/,N}DlkK4f%l",1993-04-27
C1957,Mrs,Zane,Chaffen,+442855082836,zchaffen5r@cbsnews.com,"iG7!N9,se{g",1994-12-15
C1958,Honorable,Arte,Telfer,+444640750315,atelfer5s@github.com,tU5{.Ub$s,1971-09-22
C1959,Honorable,Edgar,Loraine,+445640336261,eloraine5t@addthis.com,nN6)5puK1%\,1989-11-25
C1960,Rev,Vaughan,Garritley,+444620801902,vgarritley5u@jalbum.net,"wR1{J+""ooauX",1988-01-25
C1961,Mrs,Bartel,Fouldes,+442035074700,bfouldes5v@meetup.com,"hI5~x,k!VEvN@i",1974-06-12
C1962,Mr,Catharine,Delves,+441012587109,cdelves5w@angelfire.com,wZ8!z3sb?$v,1995-08-31
C1963,Rev,Gena,Stannis,+444422790493,gstannis5x@mashable.com,oF9.G|Y3=z$C10,2000-09-24
C1964,Mrs,Ase,Matczak,+449535688923,amatczak5y@friendfeed.com,rQ7~KGN\pQx@q,1977-05-10
C1965,Rev,Gib,Lombardo,+448565809988,glombardo5z@technorati.com,uM9&BVk_D9DXHR',1979-02-23
C1966,Mrs,Vicki,MacGebenay,+449768341111,vmacgebenay60@nih.gov,"uP4/o,KZ",1970-01-30
C1967,Mr,Mattie,Bowdidge,+443251586292,mbowdidge61@mediafire.com,dZ4#EA>2N).H/%,1979-02-11
C1968,Ms,Dominique,Huckfield,+442782905359,dhuckfield62@plala.or.jp,cO0|ua$>X=_!{kNx,1970-09-26
C1969,Dr,Gwendolyn,McDugal,+449911184179,gmcdugal63@usda.gov,uD8+Kjq7rM,2000-11-29
C1970,Mrs,Karena,Pitkaithly,+447821022028,kpitkaithly64@cargocollective.com,lJ4&.z$?,1995-10-31
C1971,Dr,Burl,Scandrite,+440831601714,bscandrite65@discovery.com,yI2%JYFL,1972-12-19
C1972,Ms,Constantia,Measom,+443658241454,cmeasom66@wufoo.com,wJ7'>U!)wpP,1994-10-02
C1973,Honorable,Idell,Ledram,+446375769403,iledram67@ocn.ne.jp,"hV7,+#5.",1990-09-04
C1974,Rev,Barret,Matschuk,+441539142063,bmatschuk68@dyndns.org,eJ2`u`)?`)B7,1985-05-31
C1975,Mr,Maxy,Bartlosz,+449499739432,mbartlosz69@wikia.com,dE2*=1o\'qu,2007-12-04
C1976,Rev,Verge,Ephgrave,+447192590060,vephgrave6a@foxnews.com,"hE2.i""j8",2001-01-16
C1977,Mr,Nicholle,Joannet,+448337804162,njoannet6b@lycos.com,"vY1%X5,D",1985-10-24
C1978,Rev,Ad,Soaper,+449628369712,asoaper6c@google.nl,pX8{.{'gK,1985-06-21
C1979,Dr,Berti,Biggins,+444566896611,bbiggins6d@g.co,"cJ1~cF,n",1996-12-13
C1980,Honorable,Fred,Jacobsohn,+440678097711,fjacobsohn6e@nationalgeographic.com,"xX0/XWcO1oZ""*",1988-11-19
C1981,Mrs,Clarisse,Pillinger,+442805055995,cpillinger6f@house.gov,hP6'%(Am4gmWB,1972-05-30
C1982,Mr,Enrika,Lippett,+448314183693,elippett6g@microsoft.com,aL9(G7sO>bCKHS'{,1987-03-25
C1983,Rev,Christine,Hamill,+444487413614,chamill6h@angelfire.com,"hQ2/.W~q?,KAK$",1984-07-18
C1984,Mr,Dorree,Richards,+447905181747,drichards6i@msn.com,cM4!LE3>i\j3vb$,1988-08-27
C1985,Mr,Eloisa,Hanfrey,+446606258518,ehanfrey6j@typepad.com,jD5|<k9%,2002-10-04
C1986,Dr,Ellette,Perrone,+441933950889,eperrone6k@weibo.com,"oZ2_4WD,~|sTr",1990-02-22
C1987,Dr,Emera,MacQuist,+443265406795,emacquist6l@gizmodo.com,wZ4).r~P,1976-01-19
C1988,Dr,Milly,Smeeton,+442727074714,msmeeton6m@yelp.com,bR1>iZ6kW?*Ny,1995-05-05
C1989,Ms,Lorri,Whitear,+447163639610,lwhitear6n@thetimes.co.uk,eP0<LT#8jg4,1976-06-09
C1990,Honorable,Ethyl,Doyle,+445326004411,edoyle6o@facebook.com,"pB2>}n+,|",1982-10-26
C1991,Mr,Gustave,Breukelman,+442633888567,gbreukelman6p@webnode.com,yW5$g%}|\DP,1991-10-26
C1992,Mrs,Isaiah,Durman,+444218016627,idurman6q@msu.edu,qQ4&&Ciy,1972-04-03
C1993,Mrs,Rowena,Bartoshevich,+446028889998,rbartoshevich6r@multiply.com,kA5)A*~>'IC,1978-04-25
C1994,Ms,Walt,Billes,+443276183670,wbilles6s@about.com,eH0&9*srXk$8=g,1985-03-04
C1995,Mrs,Isidor,Terry,+441225400082,iterry6t@joomla.org,"fD7""9vcO$6",1971-08-08
C1996,Dr,Errick,Kahan,+444782635577,ekahan6u@vkontakte.ru,bT8\svR5ue,1977-01-01
C1997,Honorable,Arman,Grimston,+443963522974,agrimston6v@wikipedia.org,"sZ6>#lQm8H&7,@{",1973-04-15
C1998,Ms,Harold,Crosland,+447565752763,hcrosland6w@patch.com,rZ5/($hfG*~,2006-12-19
C1999,Mr,Eli,Almack,+446370527720,ealmack6x@mapquest.com,xE5>m+(Bpa}P,1983-12-03
C2000,Dr,Griffith,Malone,+445618453799,gmalone6y@oaic.gov.au,lL0%OdzS,1991-06-05
C2001,Ms,Zane,Chern,+446109422820,zchern6z@instagram.com,oK0&S!H8}}7NN,1984-01-29
C2002,Dr,Nicko,O'Gormley,+446158475548,nogormley70@t.co,aE0&F.\!QRkNUS,1974-05-10
C2003,Rev,Jandy,Keasley,+445346489483,jkeasley71@woothemes.com,cN8\M&sq,1989-11-20
C2004,Mr,Gerry,Fallows,+445898448015,gfallows72@hugedomains.com,cQ0$Hs=m<,1984-03-11
C2005,Dr,Packston,Waddoups,+442035503124,pwaddoups73@latimes.com,fN4%HXZ*)}Ox,1983-12-22
C2006,Mr,Obidiah,Motion,+446191552185,omotion74@weebly.com,"nZ2/$@,xYO",1991-04-25
C2007,Honorable,Jillian,Hawtry,+442631434590,jhawtry75@nytimes.com,bU7('PW+(Yn3,1982-03-24
C2008,Honorable,Dell,Markovich,+449838578260,dmarkovich76@reuters.com,oN0(SC{$p`RB9xc,1978-08-01
C2009,Dr,Eugenius,Fortune,+444542792956,efortune77@netscape.com,"xG6(LWZaegE,\}tp",1997-06-20
C2010,Dr,Adelaide,Downham,+444838528568,adownham78@jugem.jp,"rU8,Oy}Ds{6T~R|?",2006-04-25
C2011,Mrs,Berti,Ledgley,+442701577619,bledgley79@cafepress.com,nG4%zXsbwzc.,1974-04-26
C2012,Rev,Ashley,Desseine,+440680742465,adesseine7a@purevolume.com,sA2)+h6WwA,1984-04-08
C2013,Mrs,Hollie,Pammenter,+442237873546,hpammenter7b@cocolog-nifty.com,hX9`WnNGW&~m,1985-07-22
C2014,Rev,Alfy,Godsell,+441263004329,agodsell7c@devhub.com,uF1)cg11,1994-08-27
C2015,Ms,Velma,Ennals,+446765886909,vennals7d@g.co,pH7+~QXI.4qSGeaB,1975-02-01
C2016,Honorable,Kata,Starsmore,+449350664162,kstarsmore7e@istockphoto.com,"pF9""mPLHw{rq",2008-01-14
C2017,Dr,Carver,Ellwood,+442194453141,cellwood7f@dyndns.org,"qO7,@TDs6",1981-09-06
C2018,Rev,Jemmie,Lucks,+442583386703,jlucks7g@hud.gov,"pH4""Np#eV}}}=ec",2002-05-18
C2019,Rev,Trudie,Farnish,+446629784239,tfarnish7h@mashable.com,eW9=CC'4v#,1992-11-11
C2020,Ms,Maureen,Cymper,+442114041807,mcymper7i@rakuten.co.jp,fZ8<z+*P2,1976-04-26
C2021,Ms,Norbert,Frankling,+448330643211,nfrankling7j@apple.com,jB2~oKsB9~,1975-11-06
C2022,Honorable,Humfrey,Allwright,+446251423086,hallwright7k@wiley.com,vT0+RkOg{UZ`dLM,2000-12-27
C2023,Mr,Alexander,Hoxey,+440416547642,ahoxey7l@flickr.com,kR1@`>'CxY<J>,1990-09-19
C2024,Mr,Leelah,Elwood,+442854240507,lelwood7m@oaic.gov.au,tD8(kGtXp$pB3Y}T,2007-02-26
C2025,Ms,Lancelot,Roggieri,+449087085551,lroggieri7n@xinhuanet.com,oH6%jcZF$`,1994-04-23
C2026,Rev,Juliet,Gahan,+448267291671,jgahan7o@earthlink.net,sB9\13y{SZU\Q6,1976-02-15
C2027,Rev,Michaella,Quinton,+449934669848,mquinton7p@facebook.com,qO1+g.+`pv_,2001-07-17
C2028,Rev,Elie,Bragge,+444351181471,ebragge7q@dropbox.com,"eU9""f+pV11gy",1976-08-31
C2029,Rev,Dar,Filer,+445794355846,dfiler7r@bigcartel.com,lU9}|ypG`,1998-12-29
C2030,Mr,Lyndsey,Heilds,+448553672002,lheilds7s@rambler.ru,fX2(up/>Jzcv~,1990-09-20
C2031,Dr,Marigold,Shenfish,+442414501943,mshenfish7t@ted.com,zG4~{hY',2007-05-31
C2032,Honorable,Quinn,Chipman,+440620295125,qchipman7u@canalblog.com,gU0/FCpbFJ}#,1974-08-31
C2033,Mrs,Glen,Laister,+447045386916,glaister7v@sohu.com,"wZ8&,/>ZffbV_uZ",2006-04-04
C2034,Honorable,Celestyn,Gibby,+443408722722,cgibby7w@networkadvertising.org,nC2(a84IbemCn,2000-03-21
C2035,Rev,Piggy,McGinnell,+442014500242,pmcginnell7x@europa.eu,zA0#qy0UNBb,1997-02-20
C2036,Mrs,Orlando,Stilgo,+446983867082,ostilgo7y@unc.edu,jC1'jdouB3.Jpqp%,1984-03-30
C2037,Dr,Lanita,Sebrens,+443317261869,lsebrens7z@loc.gov,sH4+~Hj)eB7`b\y7,1975-04-08
C2038,Honorable,Cristiano,Waadenburg,+444684736066,cwaadenburg80@topsy.com,kQ4%\u\>%CjfYS3,2002-06-03
C2039,Dr,Jerrine,Craddy,+443019487093,jcraddy81@spiegel.de,sN7.KX*uA0K+3)|,1976-08-27
C2040,Ms,Anastasia,Rollings,+449658253514,arollings82@mapy.cz,"eM5{AMq""%Z",1984-04-26
C2041,Honorable,Abbey,Marsham,+443425266171,amarsham83@symantec.com,uN2)yO8G7RoOe247,1972-07-23
C2042,Rev,Krishnah,Shalliker,+444437471399,kshalliker84@photobucket.com,oE3({E$5P\S,2003-02-24
C2043,Rev,Nessy,Bleddon,+445657557284,nbleddon85@aboutads.info,uF4$`dg*~RJl,2005-02-15
C2044,Mrs,Zonnya,Frapwell,+448786293097,zfrapwell86@ycombinator.com,"kK9'vAy6R\sB>""",1999-07-13
C2045,Mr,Rose,Daggett,+446837939540,rdaggett87@home.pl,bR8{&En8\LHVfT,1985-11-04
C2046,Mr,Kelila,Filipczynski,+445242294340,kfilipczynski88@bravesites.com,"nL6$$,73NnX%XEWJ",1975-06-05
C2047,Mr,Tabina,Southan,+441318049810,tsouthan89@mayoclinic.com,dL4!oNT7>,1980-05-21
C2048,Mr,Roobbie,Snelling,+445967648373,rsnelling8a@fotki.com,rX6?X8|L/V1ZR,1998-07-25
C2049,Dr,Delmor,Gallacher,+447188802153,dgallacher8b@samsung.com,uN7\LUGVzwh,1993-05-07
C2050,Dr,Ford,Schollick,+443544797887,fschollick8c@123-reg.co.uk,pN9$OaGd~9a60,1996-01-26
C2051,Honorable,Farrand,Ashtonhurst,+444084134735,fashtonhurst8d@tripadvisor.com,yT1%t*Q#wGU,1982-06-02
C2052,Mrs,Shanon,Bendson,+445961914252,sbendson8e@etsy.com,jY7|r=JFT{$XU,1980-01-02
C2053,Dr,Martelle,Hounihan,+447581219873,mhounihan8f@vimeo.com,oX9+i36.v,1981-01-08
C2054,Honorable,Arney,MacElane,+448363826702,amacelane8g@clickbank.net,gZ5`9YgsK,2001-09-29
C2055,Rev,Kissie,Dewdney,+446384724081,kdewdney8h@epa.gov,qU6.J~K}f,1979-11-27
C2056,Ms,Jena,Woolard,+445865557733,jwoolard8i@smh.com.au,qD2<RE8P,1970-07-04
C2057,Ms,Stormi,Brackley,+442808238564,sbrackley8j@bloomberg.com,oO5#J9lx+,2007-02-08
C2058,Dr,Jefferey,Jefferies,+440526539717,jjefferies8k@livejournal.com,qJ3.\L<N1,1987-05-03
C2059,Ms,Carlene,Rubinovitch,+444038931901,crubinovitch8l@google.de,eM3|w<RPpVKq.*,1979-02-15
C2060,Honorable,Meghann,Malec,+441506741478,mmalec8m@odnoklassniki.ru,fV6_2?vu+Y`,2004-06-19
C2061,Ms,Hersh,McAllister,+445435963452,hmcallister8n@time.com,wQ4|RQt0qLHT,1983-03-07
C2062,Honorable,Sharline,Sconce,+445781941974,ssconce8o@epa.gov,iE6?W+R\{3'%msz,1979-08-06
C2063,Dr,Meaghan,Aleksandrikin,+443168900952,maleksandrikin8p@tamu.edu,kI3!n8y9,1976-02-23
C2064,Rev,Filippa,Minifie,+443179699559,fminifie8q@amazon.co.uk,"tH5.V7E""p+/8",2000-12-29
C2065,Ms,Joey,Dolligon,+447742210726,jdolligon8r@google.pl,"oH2,dwo$EW}r3EI.",2006-09-06
C2066,Dr,Dorree,Guage,+445824195613,dguage8s@canalblog.com,kF5.\2j59b,1996-10-16
C2067,Mr,Jaymie,Dominik,+442769879270,jdominik8t@apache.org,"fL5""Wh44Veh1",1999-06-05
C2068,Honorable,Dorene,Sodo,+443633381560,dsodo8u@fastcompany.com,gU6_ZSVV_20Z}(Q,2000-07-23
C2069,Mr,Zoe,Snoxall,+440135602610,zsnoxall8v@census.gov,cY9!t=(V,2002-07-04
C2070,Rev,Robers,Geroldi,+442581285852,rgeroldi8w@example.com,pG2*iKIs,1999-03-23
C2071,Ms,Hube,Smalcombe,+448347453538,hsmalcombe8x@goo.ne.jp,oS8(SN`y(2{zgL,1998-12-02
C2072,Mr,Eleonore,Seebert,+444384085304,eseebert8y@csmonitor.com,uM1!%'|A85dq,1976-12-04
C2073,Honorable,Camila,Betton,+440660083492,cbetton8z@illinois.edu,bL7\i#JG.rm,1998-12-02
C2074,Dr,Shauna,Slad,+448482803036,sslad90@spiegel.de,aM2}'.m@P#t3<,1975-09-10
C2075,Rev,Evan,Hevner,+440300337570,ehevner91@arstechnica.com,kZ8\.H$ZId,1998-03-30
C2076,Mrs,Sidney,Cocklie,+443833320009,scocklie92@devhub.com,jX2\!JfmD?J,1993-03-16
C2077,Dr,Gustie,Gogarty,+441796358809,ggogarty93@cmu.edu,aC0!@lr#q~xGh,2007-08-08
C2078,Ms,Peta,Prodrick,+443569166213,pprodrick94@51.la,mR8'WKEfr/fE,1982-03-29
C2079,Honorable,Kimmy,Barthropp,+440252627275,kbarthropp95@marketwatch.com,eS7>N{Fa3P7,1996-01-21
C2080,Honorable,Boycey,Pedroni,+444417009557,bpedroni96@acquirethisname.com,kT4\XVn%K3Rg,1986-02-06
C2081,Honorable,Templeton,Wilse,+444346461129,twilse97@youku.com,"zF0.w,)1*likae<",1994-05-02
C2082,Mr,Rurik,McEvon,+444635484641,rmcevon98@sakura.ne.jp,gK8/Qd~MH&!PVs)i,2002-05-18
C2083,Honorable,Marjorie,Naile,+440254415438,mnaile99@mozilla.com,tH9+k`hq,1970-10-02
C2084,Ms,Karna,Allain,+449719263411,kallain9a@mysql.com,mM4!nN2LD0wIyt,1975-11-14
C2085,Mr,Kira,O'Haire,+441802620134,kohaire9b@wordpress.org,"qZ2=|t,o",2001-11-09
C2086,Dr,Emmery,Kapiloff,+444565960376,ekapiloff9c@blogtalkradio.com,pU7#ne6?~U)Yc(bh,1985-06-24
C2087,Ms,Elysia,Davidai,+442698141232,edavidai9d@unblog.fr,sJ1#\Tu?,1997-07-03
C2088,Mr,Shawnee,Bennough,+445411375385,sbennough9e@com.com,dY2!a(wp2{0B*&`,2007-06-11
C2089,Ms,Karilynn,Embury,+445390159116,kembury9f@arizona.edu,dJ3$)xzL\qf>_ZEH,1970-01-08
C2090,Mr,Britt,Maciejewski,+441460155910,bmaciejewski9g@stumbleupon.com,"jF0,<.AN/",2001-12-12
C2091,Mr,Cherye,McCaw,+440250433867,cmccaw9h@unc.edu,kO5(D?$`#,1979-12-01
C2092,Rev,Marge,Shewen,+441791835730,mshewen9i@4shared.com,qC1|>80@uL~,1990-05-18
C2093,Honorable,Wallas,Fitzpatrick,+446734306150,wfitzpatrick9j@ifeng.com,oM2%43<<&3'/G,1980-02-02
C2094,Ms,Sasha,Standbrook,+440497499392,sstandbrook9k@tuttocitta.it,uM7|6>#2~jT2g,2004-05-03
C2095,Honorable,Bent,Udall,+440511869395,budall9l@cam.ac.uk,nT9%icB34G}c8MU,1994-03-25
C2096,Mr,Jacquelin,Leward,+448016891899,jleward9m@ycombinator.com,"mY1""/vHe%$cq",2004-01-29
C2097,Dr,Fredia,McAlister,+447046396935,fmcalister9n@europa.eu,iX8/je>q2lOa/u,1984-06-19
C2098,Mr,Granthem,Kimbly,+442650238616,gkimbly9o@addthis.com,dK9~eY51'O),1990-01-24
C2099,Mr,Nico,Cadden,+443813072417,ncadden9p@scientificamerican.com,"vG4!""W2332_8",2001-02-25
C2100,Ms,Nap,Curee,+449932682936,ncuree9q@ftc.gov,qK0&TZ|M`W69k~q,1994-05-16
C2101,Mr,Karlens,Huffey,+442048565399,khuffey9r@surveymonkey.com,aW0|90HCedXu+,1978-09-28
C2102,Ms,Jervis,Effemy,+445066034252,jeffemy9s@moonfruit.com,lC6*Gbq%Au,2000-11-25
C2103,Ms,Wald,Simonini,+441518369819,wsimonini9t@sitemeter.com,vL4\@SYU84N@UB,1982-05-02
C2104,Mrs,Siobhan,Josefowicz,+446767752678,sjosefowicz9u@ebay.co.uk,sC4\O5YRXN,1970-11-13
C2105,Mr,Bradly,Dengate,+441152958348,bdengate9v@cbslocal.com,"gC5,C$""AGWP",2001-09-01
C2106,Mrs,Benedetto,Ayling,+448636476824,bayling9w@huffingtonpost.com,qM0>S5MZa|jd11/d,1979-08-18
C2107,Mrs,Pete,Rowberry,+443928225272,prowberry9x@live.com,xY8>zt8BlYH$',2001-08-08
C2108,Mrs,Claus,Bloxland,+442237780197,cbloxland9y@surveymonkey.com,vY6=?JuVJbyf.Kz,2007-09-06
C2109,Rev,Ailene,Glyssanne,+441648608460,aglyssanne9z@instagram.com,pD9'=D2Zm{s<M1N0,1974-09-03
C2110,Dr,Bettine,Lowndes,+441609791399,blowndesa0@mozilla.com,"eA5'}%.A""O@F7",1999-09-02
C2111,Dr,Garnette,Linklet,+445246846879,glinkleta1@nytimes.com,uL9_avb~@D@9=j,1992-01-01
C2112,Ms,Warren,McKinna,+444841427053,wmckinnaa2@utexas.edu,"tF4|`_uz@i`q2(""7",1975-04-23
C2113,Dr,Ruthy,Climar,+444619289887,rclimara3@trellian.com,oN4<8i_RK>'&,1997-10-07
C2114,Mr,Nettle,Courtois,+442238241471,ncourtoisa4@cbslocal.com,bW6}IqP_y,1998-07-22
C2115,Honorable,Osmund,Ort,+449489978265,oorta5@wp.com,iS2_a92@SP,2000-06-27
C2116,Ms,Jodi,Tungay,+448328361306,jtungaya6@soundcloud.com,yO0~Y7fZ,2000-12-13
C2117,Mr,Chrysler,Crosoer,+445185215282,ccrosoera7@redcross.org,eH8{T0G>W?6.,1972-12-31
C2118,Ms,Shepherd,Synan,+447645911895,ssynana8@list-manage.com,aE0.)vBI4Ku,1984-03-26
C2119,Mr,Elisabetta,Hatz,+441032059738,ehatza9@ask.com,iD5@OQ}iv8K~G*,1995-01-20
C2120,Honorable,Theresita,Stang-Gjertsen,+441916418113,tstanggjertsenaa@google.fr,"hW7@""5HoHG#*2>>#",2004-01-26
C2121,Mr,Marlo,Ivetts,+442701991247,mivettsab@craigslist.org,pY7{@k}+,1988-05-18
C2122,Mr,Carver,Beade,+449774308928,cbeadeac@livejournal.com,"aU0,n/Q`J",1978-03-23
C2123,Ms,Jose,Mahmood,+444925835603,jmahmoodad@guardian.co.uk,eE5~gn6)V,2002-06-21
C2124,Dr,Leese,Dennington,+443112089648,ldenningtonae@ning.com,jN1=CNwZv,1978-06-27
C2125,Mr,Cher,Mac,+440835340849,cmacaf@tuttocitta.it,"fM6<3fW4/""7#!S",1995-01-21
C2126,Dr,Lorilee,McGibbon,+448193699168,lmcgibbonag@unblog.fr,hM6#Qmq?Gnw+G,2005-12-03
C2127,Mr,Tamarra,Kubis,+441474334386,tkubisah@geocities.com,"fK4`Xk""e&%w`",2006-07-13
C2128,Mr,Sarina,Nelles,+441709870978,snellesai@purevolume.com,jC1*e{UR#B#@,1983-07-10
C2129,Dr,Avery,Kepling,+443151435181,akeplingaj@hp.com,yK8>4KqU+9zl,1982-06-04
C2130,Mr,Kristina,Bunker,+447834843521,kbunkerak@seattletimes.com,pD8@60T$q.g/C,2001-02-04
C2131,Rev,Nancee,Twist,+442974378374,ntwistal@friendfeed.com,"fI9!f""_!3?gqGF",1971-08-31
C2132,Honorable,Dionne,Amner,+447225209044,damneram@networksolutions.com,qI8!J|L.om6i,1973-01-26
C2133,Dr,Arron,Tipling,+442436067745,atiplingan@slashdot.org,gD7'7NM7k\2@,1990-03-30
C2134,Honorable,Cyrillus,Soppit,+445827357581,csoppitao@tinyurl.com,"zA8>G>\,71FgLpg",1979-12-14
C2135,Ms,Aguie,Pomfret,+444298850967,apomfretap@github.io,gF7@j@7M,1986-07-15
C2136,Mr,Marlee,Hunt,+446883500895,mhuntaq@netlog.com,dA3$N>z''~+d`K$,2003-05-19
C2137,Dr,Manolo,Green,+447910781574,mgreenar@hugedomains.com,vI8<hm+PMwka/,2008-01-28
C2138,Mr,Tam,Kynder,+444733616565,tkynderas@shop-pro.jp,dT8.MZD.MpfdQ=,2001-04-28
C2139,Ms,Cory,Demelt,+446413070214,cdemeltat@va.gov,mQ6$+!CJXCd4p$},2005-12-14
C2140,Mr,Karyn,Ludewig,+441313142606,kludewigau@linkedin.com,yI4/o*(GA,2004-05-01
C2141,Dr,Audrie,Fero,+441625272154,aferoav@paypal.com,iV5\YM3eS,1991-07-09
C2142,Rev,Onofredo,Francescoccio,+441669228839,ofrancescoccioaw@mtv.com,nW4*zs*R)%nvq'..,2003-12-24
C2143,Honorable,Timi,Brownsworth,+446749293999,tbrownsworthax@tripadvisor.com,rD0`gShB,1985-04-25
C2144,Honorable,Harri,Fitzmaurice,+445068364836,hfitzmauriceay@yelp.com,rE6\Xvo`6|,2006-08-15
C2145,Rev,Brody,Causnett,+441846029243,bcausnettaz@odnoklassniki.ru,sM0|GC=vnThCW6qw,1992-02-24
C2146,Mrs,Marian,Tenniswood,+449930651104,mtenniswoodb0@ask.com,mG7&ZnD1Qzh'#,2006-10-25
C2147,Mr,Lacie,Wyndham,+442839629290,lwyndhamb1@shinystat.com,vF7|trAn#DX/>F,1971-09-22
C2148,Ms,Konstantine,Lys,+443342475394,klysb2@taobao.com,eB4?3A{UDeTu5f_,1997-05-11
C2149,Mr,Bernarr,Sykes,+448904194182,bsykesb3@nbcnews.com,"oN1>j,/""+",1995-05-23
C2150,Mrs,Cassy,Doumenc,+442547545089,cdoumencb4@google.com.hk,eC1_`mSrohbH`FR,1990-12-01
C2151,Mr,Glory,Aires,+441407045492,gairesb5@mlb.com,xT1@D7Ga(_E!3#&w,1974-12-19
C2152,Rev,Shurwood,Grealy,+442426765583,sgrealyb6@toplist.cz,"gL8?zP,!v",1984-04-30
C2153,Honorable,Thibaud,Penylton,+447620709593,tpenyltonb7@va.gov,yP3~v@udwL,1996-06-16
C2154,Mr,Kathleen,Fluin,+442741940982,kfluinb8@sakura.ne.jp,wG7@2nHgL}U,2004-05-05
C2155,Dr,Lanita,Gostyke,+440718866918,lgostykeb9@de.vu,qK3~.@o$P9NLS,2004-03-26
C2156,Ms,Olivia,Brabyn,+442414812662,obrabynba@github.io,tN0.wMxBL||EvDv,1970-06-08
C2157,Dr,Morten,Douce,+449402628925,mdoucebb@geocities.jp,wN3\IZSN7s83m,1988-08-22
C2158,Rev,Griffy,Sprosson,+448727826662,gsprossonbc@microsoft.com,zA1@bT@GyP5SKEf,2008-09-09
C2159,Ms,Boycey,Emmitt,+440719853474,bemmittbd@wikipedia.org,"cM4+7d$/pUsCc',",1984-03-01
C2160,Rev,Ewart,Prattington,+444197829198,eprattingtonbe@cpanel.net,fE7.u1d{GwM\?,1980-06-13
C2161,Rev,Emlyn,Bough,+446065048038,eboughbf@fastcompany.com,"tN5""}<46",1985-05-06
C2162,Mr,Zachary,Ewbanck,+441959466464,zewbanckbg@xing.com,cL3?3l9<&_4bk,1991-05-14
C2163,Mrs,Bernard,Giffaut,+444890081576,bgiffautbh@free.fr,rT4.ki6o8,1973-06-05
C2164,Honorable,Natalee,Readwin,+445971674578,nreadwinbi@prweb.com,gE4?'5xEOy(ULX,1985-02-12
C2165,Mrs,Hedy,Worviell,+448551934843,hworviellbj@nymag.com,gR7=<#'~}),1984-05-01
C2166,Dr,Bryana,Cheine,+447382244322,bcheinebk@army.mil,fJ3)hcsyfq_f,1979-04-29
C2167,Dr,Dedra,Fischer,+447330938287,dfischerbl@sourceforge.net,rQ1!POhc#M(,1988-10-03
C2168,Ms,Jeno,Bugdell,+446363413153,jbugdellbm@yahoo.com,oB5+r}{KGW`4.L,2002-07-02
C2169,Rev,Gertrud,Sirmon,+445969872384,gsirmonbn@ehow.com,qO9?AA_L,1979-06-04
C2170,Rev,Shannan,Currum,+449393546099,scurrumbo@ow.ly,gN1_ysMltNi',1999-01-16
C2171,Rev,Wynn,Hulance,+447451379259,whulancebp@deliciousdays.com,dV3(4E}gPO_W7*wH,2007-05-08
C2172,Ms,Hephzibah,Houliston,+449770666627,hhoulistonbq@amazon.co.uk,fE0|VDrMvct_C(,1998-06-28
C2173,Dr,Carly,Huxter,+444784055740,chuxterbr@toplist.cz,"nG0|,+w0eIw",2000-04-18
C2174,Mrs,Benetta,Gilhooly,+442962545985,bgilhoolybs@dion.ne.jp,rA2{m~bz|F,1982-05-17
C2175,Dr,Victor,Douse,+445855644848,vdousebt@state.tx.us,lC8!/HWXTBr~y\wv,2002-01-09
C2176,Dr,Chandler,Wessel,+449763003790,cwesselbu@epa.gov,zT8*dXy@\<j,1997-10-31
C2177,Dr,Mariele,Boick,+440602102926,mboickbv@huffingtonpost.com,nZ4|z'tcbWtybumW,1980-12-19
C2178,Mr,Stella,Gathercoal,+441590982972,sgathercoalbw@netvibes.com,"pG4*pNDj,1XVUQ",1984-12-14
C2179,Dr,Malinde,Huffadine,+441411283313,mhuffadinebx@wisc.edu,xE2}OsP~,1982-04-18
C2180,Dr,Shannon,Cron,+448057262328,scronby@omniture.com,"dL0/V=""A",1986-08-20
C2181,Ms,Stace,Davidge,+442640996709,sdavidgebz@thetimes.co.uk,lV4*/IO`H,2004-05-30
C2182,Honorable,Fanechka,Catanheira,+442621343895,fcatanheirac0@etsy.com,"oX2|nAp0&>C,jv8?",1995-04-30
C2183,Dr,Kristin,Macellar,+440010871604,kmacellarc1@rediff.com,gX3!%7p4#5m`5X,1985-06-19
C2184,Dr,Lloyd,Cleare,+445255910618,lclearec2@ca.gov,"bX4>8)he/"",",1984-01-20
C2185,Dr,Rochella,Tomasik,+440142024241,rtomasikc3@google.fr,jT1/xhelYLe1,1980-09-13
C2186,Rev,Zola,Fenton,+440140911812,zfentonc4@wp.com,dG3@(&L)mrgYl$ll,1995-09-28
C2187,Mrs,Chucho,Pendlenton,+447834606725,cpendlentonc5@about.me,aZ8{y*3iepG,1989-10-04
C2188,Ms,Crin,Duiged,+446169403264,cduigedc6@google.ru,sE9_B{8R0,1992-04-15
C2189,Mrs,Shamus,Jellyman,+444273323000,sjellymanc7@fda.gov,qO4!GFx|5()((,1988-11-19
C2190,Ms,Shell,Story,+447152232947,sstoryc8@mit.edu,hU7~dNpN0!,1988-05-19
C2191,Mrs,Melvyn,Willmott,+441691051233,mwillmottc9@independent.co.uk,wM8?z#Klx,1989-05-14
C2192,Dr,Jessie,Bonwick,+448784426495,jbonwickca@imgur.com,iO8`lhYm\zB(SoF,1999-06-13
C2193,Dr,Wes,Simononsky,+447599053376,wsimononskycb@edublogs.org,"oA3+y""}109vke~!",1979-03-08
C2194,Dr,Humbert,Hamber,+445087930648,hhambercc@uol.com.br,bE9\/2#9YX4Z,2000-12-26
C2195,Honorable,Marcille,D'Arrigo,+445170031197,mdarrigocd@boston.com,hM1(S1>LYgXp,1980-01-04
C2196,Honorable,Wolfie,Wetton,+448814589239,wwettonce@prweb.com,bR5!LNe|,1984-02-09
C2197,Ms,Sheba,Shires,+446829835055,sshirescf@nhs.uk,eQ0`{V@DAT,1980-10-09
C2198,Dr,Margarita,Standfield,+442024182278,mstandfieldcg@yolasite.com,bA8.0\>{2%},2005-05-13
C2199,Ms,Dori,Ferneyhough,+444350932995,dferneyhoughch@shinystat.com,"eD1*7\!x""N",1976-04-05
C2200,Ms,Brody,Pearne,+444530616302,bpearneci@studiopress.com,"qS0!mp?,Fx",2004-03-08
C2201,Ms,Jase,Jeandot,+442121598711,jjeandotcj@nyu.edu,rP8<bmm63m(xAJX@,1985-12-15
C2202,Mrs,Tremaine,Fairlaw,+449417941055,tfairlawck@flavors.me,"hQ7%,8_`2LkFe",1976-02-01
C2203,Ms,Jessey,Dyhouse,+443617087725,jdyhousecl@issuu.com,"eI9,47{q}c",1992-12-24
C2204,Mr,Ronald,Gasson,+448033392057,rgassoncm@disqus.com,mL9'3>_5bGTG,1996-08-24
C2205,Ms,Jaquenetta,Whitehorn,+442634329989,jwhitehorncn@bizjournals.com,bF6)A`<MdN/x$_c,1985-12-31
C2206,Ms,Amie,Edney,+446835518534,aedneyco@feedburner.com,pC2=pLcD!hN,1988-04-13
C2207,Dr,Lilly,Chandlar,+441101079857,lchandlarcp@360.cn,uN6(yqW=+DoLq,2003-06-11
C2208,Rev,Jonah,Peto,+445081996469,jpetocq@state.gov,wA7/&z?e4,1978-07-23
C2209,Ms,Meridith,Burnside,+448319236387,mburnsidecr@behance.net,pJ8`8/v=UI(,1994-07-25
C2210,Honorable,Catha,Dingsdale,+447284567149,cdingsdalecs@cargocollective.com,"pN9<XkDj2""qKz",1976-08-06
C2211,Rev,Lurline,Pettinger,+447155806886,lpettingerct@discuz.net,dL1'p9!j4MFqJ2L,2001-08-09
C2212,Dr,Xerxes,Boland,+443764965946,xbolandcu@biblegateway.com,mV9}8JVmaXl`I,1985-06-19
C2213,Rev,Eb,Salla,+442232659485,esallacv@prlog.org,pU4'7B>Di,2003-05-18
C2214,Mr,Zia,Hanmore,+448758316874,zhanmorecw@ox.ac.uk,"zE2\+Pv"">T<.p6G*",1981-03-24
C2215,Mrs,Batsheva,Raspin,+444630828665,braspincx@dailymotion.com,pX4?Fl6Ol?@cC,1979-11-13
C2216,Honorable,Nan,Benzi,+445472558566,nbenzicy@go.com,fE4=L?7*{&y,1990-05-10
C2217,Mrs,Zed,Ciccetti,+440899788922,zciccetticz@yolasite.com,"pI0(LTv,/",2007-04-26
C2218,Mr,Matthiew,Wakes,+449704010742,mwakesd0@hatena.ne.jp,cM8|t$XG6h)g&s,1972-06-21
C2219,Honorable,Calli,Morecomb,+446200864263,cmorecombd1@dailymotion.com,"vZ5""Xd|lPal'rNz",2000-10-27
C2220,Mr,Evangelina,Monget,+441846662598,emongetd2@google.pl,nV0@WLjgZtjkf,1991-02-09
C2221,Ms,Jerry,Rowcastle,+449007618205,jrowcastled3@feedburner.com,uZ8$`BK7dCs,1977-07-30
C2222,Honorable,Heriberto,Bedberry,+448309308966,hbedberryd4@seesaa.net,"jM9'HpR/1*zK,/",1986-06-10
C2223,Rev,Marita,Tourne,+444883119956,mtourned5@live.com,kU1@(j~h5,1982-07-30
C2224,Dr,Claiborn,Yea,+447505205440,cyead6@wsj.com,oP6'H!mnesE,1994-03-11
C2225,Ms,Mack,Surmeir,+443765113515,msurmeird7@mysql.com,"sB7/SMG""o5",2000-12-05
C2226,Honorable,Kinsley,Harfoot,+444729121141,kharfootd8@sina.com.cn,uN5?HMvN,1970-07-09
C2227,Honorable,Guenevere,Gorghetto,+447690413050,ggorghettod9@latimes.com,nL2{CXDBL,1997-10-03
C2228,Ms,Hamilton,Philipeau,+443999349906,hphilipeauda@ocn.ne.jp,"xK3@f&SP$""@N+A",1990-10-27
C2229,Ms,Cinnamon,Ogg,+444170880180,coggdb@adobe.com,sQ8+tAAuS5kL0,2005-12-16
C2230,Ms,Yasmeen,Blondelle,+448696742776,yblondelledc@twitpic.com,hA2@STY77,1980-08-09
C2231,Mrs,Camile,Lamacraft,+443869072137,clamacraftdd@fda.gov,hQ9'Xs@.iPtF9S,1977-05-30
C2232,Rev,Austen,Thomke,+441405540141,athomkede@hhs.gov,"hN6,a=o50O",1981-01-29
C2233,Honorable,Humberto,Raoux,+440252428362,hraouxdf@yellowbook.com,kF0(dEefdLt<JX!%,1978-02-10
C2234,Mr,Keefer,Glanister,+447171615830,kglanisterdg@cpanel.net,jK3}!s6>,1984-07-02
C2235,Mr,Hanna,Veldstra,+440906487080,hveldstradh@walmart.com,oX1*o+\BZxZ,1984-06-21
C2236,Dr,Aida,Kilfeather,+445126088610,akilfeatherdi@netvibes.com,hJ2%37i8s73,2006-03-24
C2237,Mrs,Douglas,Drynan,+445629253452,ddrynandj@freewebs.com,wF8)mq!)Y,2007-12-18
C2238,Rev,Janna,Youell,+443859348819,jyouelldk@sogou.com,hU6/kK8Suz&TN/*$,1973-02-15
C2239,Ms,Cody,Baurerich,+448139289203,cbaurerichdl@netvibes.com,pM9_317zoo*,1999-03-02
C2240,Ms,Ariana,Buckie,+441191554681,abuckiedm@google.com.hk,sG7%XY<Gi2Yke,1975-07-14
C2241,Dr,Lynda,Wildt,+445837917942,lwildtdn@theguardian.com,"uC8`8(NV""d<f.}",1999-07-05
C2242,Honorable,Zsa zsa,Tolhurst,+440842178994,ztolhurstdo@sogou.com,mP7@+{0}pOzJslN,1988-11-06
C2243,Dr,Domenico,Oslar,+447786228313,doslardp@phoca.cz,oR9)'#)_u/Yu,1999-06-12
C2244,Mrs,Adela,Oulner,+449576586838,aoulnerdq@uol.com.br,pE9=GKBjWX`pj,2006-12-23
C2245,Rev,Ugo,Chesley,+449760614616,uchesleydr@pagesperso-orange.fr,"oQ7/H2'`U~H1,`S",1991-03-09
C2246,Mrs,Hall,Mildmott,+449613228988,hmildmottds@sun.com,sV5`=/o5v,1970-06-06
C2247,Mrs,Rina,Money,+443908992832,rmoneydt@ameblo.jp,lB1{)j?f@V,1997-12-29
C2248,Honorable,Garvin,Rosensaft,+440294232546,grosensaftdu@goodreads.com,"eJ6~,D,MKRilge%",1977-07-27
C2249,Dr,Giacomo,Lawrinson,+446913752365,glawrinsondv@sciencedaily.com,jQ7\A3g=&,1998-07-11
